axis,min,max,range,mean,median,std,var,q1,q3,iqr,skewness,kurtosis
x,-53.6129611,50.16159947,103.77456057,2.035615113977805,2.5448882033666664,17.03267468468428,291.64934100383834,-13.208603171799998,17.355949436333333,30.564552608133333,-0.062202280838740645,-1.2498036928074145
y,-42.70115327,41.44179339,84.14294666,-0.6506424153299677,-1.52445740915,12.759987648963483,164.0996919400845,-11.128665439691666,9.534145000216668,20.662810439908334,0.1740871403644739,-0.9679816070255463
z,-132.98666432,-76.30622343,56.680440889999986,-90.05015842234393,-89.445322602525,4.512793646863791,20.99059112105977,-92.72215354115833,-86.84753185596668,5.874621685191656,-0.8864643079623283,2.7519153768967977
